model_variant,split,threshold,accuracy,macro_f1,precision_fake,recall_fake,f1_fake,roc_auc,pr_auc,tn,fp,fn,tp,elapsed_sec,best_epoch
cnn_bilstm_pca_400_diagnostic,test_default_0.5,0.5,0.7910494308435989,0.7748334535490466,0.8104448742746615,0.6387195121951219,0.7144075021312873,0.8378943841769178,0.8250552237917061,3397,392,948,1676,1679.8735532009998,14
cnn_bilstm_pca_400_diagnostic,test_selected_precision,0.9349999999999999,0.718384531420552,0.6453004975277962,0.9658314350797267,0.3231707317073171,0.4842946887492861,0.8378943841769178,0.8250552237917061,3759,30,1776,848,1679.8735532009998,14
