epoch,train_loss,val_loss,val_macro_f1,val_precision_fake,val_recall_fake,val_roc_auc
1,0.3848746788934765,0.29426905921861235,0.8796185925843467,0.9095629597576806,0.8010670731707317,0.9390890631738859
2,0.28539232903311396,0.2703678418023914,0.8878280365680176,0.9024086378737541,0.828125,0.9475982304359861
3,0.2595435581528224,0.2707548389832179,0.885614700205796,0.9123182207014542,0.8128810975609756,0.9476878974920985
4,0.2416266324555772,0.2632619995696872,0.8930735913052595,0.928416485900217,0.8155487804878049,0.9504394641259359
5,0.2294267161279662,0.25713512564406676,0.8963203434088229,0.9256727894062367,0.8258384146341463,0.9523850330546061
6,0.21862411343007007,0.2611844536720538,0.8930800142335673,0.9125156969443282,0.8307926829268293,0.9533604577435323
7,0.2050235676778178,0.2689182413559334,0.8892909674553158,0.9007413509060955,0.8334603658536586,0.9519853281965123
8,0.19642441601962105,0.27992786905344796,0.8867746503656784,0.9284136102518781,0.8006859756097561,0.9485227616527946
9,0.18184150163179788,0.2886453834818859,0.8913254622587183,0.9015586546349467,0.8376524390243902,0.9498009823848238
