model_variant,split,threshold,accuracy,macro_f1,precision_fake,recall_fake,f1_fake,roc_auc,pr_auc,tn,fp,fn,tp,elapsed_sec,best_epoch
mlp_raw_777,test_default_0.5,0.5,0.8984874473725245,0.893034141932082,0.9214011106364801,0.8220274390243902,0.8688821752265861,0.9498815972423383,0.9446061464387192,3605,184,467,2157,27.643424276999895,5
mlp_raw_777,test_selected_precision,0.8499999999999999,0.8732262591610791,0.8612792804082625,0.9748295752490823,0.7084603658536586,0.820569410726109,0.9498815972423383,0.9446061464387192,3741,48,765,1859,27.643424276999895,5
mlp_pca_400,test_default_0.5,0.5,0.8746296585061594,0.8684960527789697,0.8785357737104825,0.8048780487804879,0.8400954653937948,0.9319743871058068,0.9268603056083405,3497,292,512,2112,12.878595285999836,3
mlp_pca_400,test_selected_precision,0.9049999999999999,0.8465616716045532,0.8291928572727816,0.9701834862385321,0.6448170731707317,0.7747252747252747,0.9319743871058068,0.9268603056083405,3737,52,932,1692,12.878595285999836,3
