epoch,train_loss,val_loss,val_macro_f1,val_precision_fake,val_recall_fake,val_roc_auc
1,0.3896971349405427,0.31484007484772625,0.8669175719024873,0.9175824175824175,0.7637195121951219,0.9251759847987435
2,0.2851173204616604,0.3103230595588684,0.8663622496747585,0.8818066694807936,0.7961128048780488,0.9313941411756754
3,0.25157467275857925,0.3038169355953441,0.8741940343150292,0.8862973760932945,0.8109756097560976,0.9358319815383428
4,0.21252732784447506,0.3216025116396885,0.8697325094081423,0.8754111842105263,0.8113567073170732,0.933913016015552
5,0.1873832953791333,0.3349930126877392,0.8688470006142228,0.8815403934700712,0.8025914634146342,0.9325000181043971
6,0.16072563279388297,0.36057230362705156,0.8650935022695949,0.865040650406504,0.8109756097560976,0.9310143511544974
7,0.13633939533088452,0.3798934513447331,0.8679094356797237,0.8736105393165912,0.8086890243902439,0.9310614225872069
